0,N192,-12298.694329729246
1,N193,-12298.694329729246
2,N194,-12298.694329729246
3,N195,-12298.694329729246
4,N196,-12298.694329729246
5,N197,-12298.694329729246
6,N198,-12298.694329729246
7,N199,-12298.694329729246
8,N200,-12298.694329729246
9,N201,-12298.694329729246
10,N202,-12298.694329729246
11,N203,-12297.92599304765
12,N204,-12297.92599304765
13,N205,-12297.92599304765
14,N206,-12297.92599304765
15,N207,-12297.92599304765
16,N208,-12297.92599304765
17,N209,-12297.92599304765
18,N210,-12297.92599304765
19,N211,-12297.92599304765
20,N212,-12297.92599304765
21,N213,-12297.92599304765
22,N214,-12297.92599304765
23,N215,-12297.92599304765
24,N216,-12297.92599304765
25,N217,-12297.92599304765
26,N218,-12297.92599304765
27,N219,-12297.92599304765
28,N220,-12297.92599304765
29,N221,-12297.92599304765
30,N222,-12297.92599304765
31,N223,-12297.92599304765
32,N224,-12297.92599304765
33,N225,-12297.92599304765
34,N226,-12297.92599304765
35,N227,-12297.92599304765
36,N228,-12297.92599304765
37,N229,-12297.904759539953
38,N230,-12297.904759539953
39,N231,-12245.214928526711
40,N232,-12245.214928526711
41,N233,-12245.214928526711
42,N234,-12245.214928526711
43,N235,-12245.214928526711
44,N236,-12245.214928526711
45,N237,-12245.214928526711
46,N238,-12245.214928526711
47,N239,-12245.214928526711
48,N240,-12245.214928526711
49,N241,-12245.214928526711
50,N242,-12245.214928526711
51,N243,-12245.214928526711
52,N244,-12245.214928526711
53,N245,-12245.214928526711
54,N246,-12245.214928526711
55,N247,-12245.214928526711
56,N248,-12245.214928526711
57,N249,-12245.214928526711
58,N250,-12245.214928526711
59,N251,-12245.214928526711
60,N252,-12245.214928526711
61,N253,-12245.214928526711
62,N254,-12245.214928526711
63,N255,-12245.214928526711
64,N256,-12245.214928526711
65,N257,-12245.214928526711
66,N258,-12245.214928526711
67,N259,-12245.214928526711
68,N260,-12245.214928526711
69,N261,-12245.214928526711
70,N262,-12245.214928526711
71,N263,-12245.214928526711
72,N264,-12245.214928526711
73,N265,-12245.214928526711
74,N266,-12245.214928526711
75,N267,-12245.214928526711
76,N268,-12245.214928526711
77,N269,-12245.214928526711
78,N270,-12245.202439091656
79,N271,-12245.202439091656
80,N272,-12245.202439091656
81,N273,-12245.202439091656
82,N274,-12245.202439091656
83,N275,-12245.202439091656
84,N276,-12245.202439091656
85,N277,-12245.202439091656
86,N278,-12245.202439091656
87,N279,-12245.202439091656
88,N280,-12245.202439091656
89,N281,-12245.202439091656
90,N282,-12245.202439091656
91,N283,-12245.202439091656
92,N284,-12245.202439091656
93,N285,-12245.202439091656
94,N286,-12245.202439091656
95,N287,-12245.202439091656
96,N288,-12245.202439091656
97,N289,-12245.202439091656
98,N290,-12245.202439091656
99,N291,-12245.202439091656
100,N292,-12245.202439091656
101,N293,-12245.202439091656
102,N294,-12245.202439091656
103,N295,-12245.202439091656
104,N296,-12245.202439091656
105,N297,-12245.202439091656
106,N298,-12245.202439091656
107,N299,-12245.202439091656
108,N300,-12245.202439091656
109,N301,-12245.202439091656
110,N302,-12245.202439091656
111,N303,-12245.202439091656
112,N304,-12245.202439091656
113,N305,-12245.202439091656
114,N306,-12245.202439091656
115,N307,-12245.202439091656
116,N308,-12245.202439091656
117,N309,-12245.202439091656
118,N310,-12245.202439091656
119,N311,-12245.202439091656
120,N312,-12245.202439091656
121,N313,-12245.202439091656
122,N314,-12245.202439091656
123,N315,-12245.202439091656
124,N316,-12245.202439091656
125,N317,-12245.202439091656
126,N318,-12245.202439091656
127,N319,-12245.202439091656
128,N320,-12245.202439091656
129,N321,-12245.202439091656
130,N322,-12245.202439091656
131,N323,-12245.202439091656
132,N324,-12245.202439091656
133,N325,-12245.202439091656
134,N326,-12245.202439091656
135,N327,-12245.202439091656
136,N328,-12245.202439091656
137,N329,-12245.202439091656
138,N330,-12245.202439091656
139,N331,-12245.202439091656
140,N332,-12245.202439091656
141,N333,-12245.202439091656
142,N334,-12245.202439091656
143,N335,-12245.202439091656
144,N336,-12245.202439091656
145,N337,-12245.202439091656
146,N338,-12245.202439091656
147,N339,-12245.202439091656
148,N340,-12245.202439091656
149,N341,-12245.202439091656
150,N342,-12245.202439091656
151,N343,-12245.202439091656
152,N344,-12245.202439091656
153,N345,-12245.202439091656
154,N346,-12245.202439091656
155,N347,-12245.202439091656
156,N348,-12245.202439091656
157,N349,-12245.202439091656
158,N350,-12245.202439091656
159,N351,-12245.091600130872
160,N352,-12245.091600130872
161,N353,-12245.091600130872
162,N354,-12245.091600130872
163,N355,-12245.091600130872
164,N356,-12245.091600130872
165,N357,-12245.091600130872
166,N358,-12245.091600130872
167,N359,-12245.091600130872
168,N360,-12245.091600130872
169,N361,-12245.091600130872
170,N362,-12245.091600130872
171,N363,-12245.091600130872
172,N364,-12245.091600130872
173,N365,-12245.091600130872
174,N366,-12245.091600130872
175,N367,-12245.091600130872
176,N368,-12245.091600130872
177,N369,-12245.091600130872
178,N370,-12245.091600130872
179,N371,-12245.091600130872
180,N372,-12245.091600130872
181,N373,-12245.091600130872
182,N374,-12245.091600130872
183,N375,-12245.091600130872
184,N376,-12245.091600130872
185,N377,-12245.091600130872
186,N378,-12245.091600130872
187,N379,-12245.091600130872
188,N380,-12245.091600130872
189,N192,-12245.091600130872
190,N193,-12245.091600130872
191,N194,-12245.091600130872
192,N195,-12245.091600130872
193,N196,-12245.091600130872
194,N197,-12245.091600130872
195,N198,-12245.091600130872
196,N199,-12245.091600130872
197,N200,-12245.091600130872
198,N201,-12245.091600130872
199,N202,-12245.091600130872
200,N203,-12245.091600130872
201,N204,-12245.091600130872
202,N205,-12245.091600130872
203,N206,-12245.091600130872
204,N207,-12245.091600130872
205,N208,-12245.091600130872
206,N209,-12245.091600130872
207,N210,-12245.091600130872
208,N211,-12245.091600130872
209,N212,-12245.091600130872
210,N213,-12245.091600130872
211,N214,-12245.091600130872
212,N215,-12245.091600130872
213,N216,-12245.091600130872
214,N217,-12245.091600130872
215,N218,-12245.091600130872
216,N219,-12245.091600130872
217,N220,-12245.091600130872
218,N221,-12245.091600130872
219,N222,-12245.091600130872
220,N223,-12245.091600130872
221,N224,-12245.091600130872
222,N225,-12245.091600130872
223,N226,-12245.091600130872
224,N227,-12245.091600130872
225,N228,-12245.091600130872
226,N229,-12245.091600130872
227,N230,-12245.091600130872
228,N231,-12245.091600130872
229,N232,-12245.091600130872
230,N233,-12245.091600130872
231,N234,-12245.091600130872
232,N235,-12245.091600130872
233,N236,-12245.091600130872
234,N237,-12245.091600130872
235,N238,-12245.091600130872
236,N239,-12245.091600130872
237,N240,-12245.091600130872
238,N241,-12245.091600130872
239,N242,-12245.091600130872
240,N243,-12245.091600130872
241,N244,-12245.091600130872
242,N245,-12245.091600130872
243,N246,-12245.091600130872
244,N247,-12245.091600130872
245,N248,-12245.091600130872
246,N249,-12245.091600130872
247,N250,-12245.091600130872
248,N251,-12245.091600130872
249,N252,-12245.091600130872
250,N253,-12245.091600130872
251,N254,-12245.091600130872
252,N255,-12245.091600130872
253,N256,-12245.091600130872
254,N257,-12245.091600130872
255,N258,-12245.091600130872
256,N259,-12245.091600130872
257,N260,-12245.091600130872
258,N261,-12245.091600130872
259,N262,-12245.091600130872
260,N263,-12245.091600130872
261,N264,-12245.091600130872
262,N265,-12245.091600130872
263,N266,-12245.091600130872
264,N267,-12245.091600130872
265,N268,-12245.091600130872
266,N269,-12245.091600130872
267,N270,-12245.091600130872
268,N271,-12245.091600130872
269,N272,-12245.091600130872
270,N273,-12245.091600130872
271,N274,-12245.091600130872
272,N275,-12245.091600130872
273,N276,-12245.091600130872
274,N277,-12245.091600130872
275,N278,-12245.091600130872
276,N279,-12245.091600130872
277,N280,-12245.091600130872
278,N281,-12245.091600130872
279,N282,-12245.091600130872
280,N283,-12245.091600130872
281,N284,-12245.091600130872
282,N285,-12245.091600130872
283,N286,-12245.091600130872
284,N287,-12245.091600130872
285,N288,-12245.091600130872
286,N289,-12245.091600130872
287,N290,-12245.091600130872
288,N291,-12245.091600130872
289,N292,-12245.091600130872
290,N293,-12245.091600130872
291,N294,-12245.091600130872
292,N295,-12245.091600130872
293,N296,-12245.091600130872
294,N297,-12245.091600130872
295,N298,-12245.091600130872
296,N299,-12245.091600130872
297,N300,-12245.091600130872
298,N301,-12245.091600130872
299,N302,-12245.091600130872
300,N303,-12245.091600130872
301,N304,-12245.091600130872
302,N305,-12245.091600130872
303,N306,-12245.091600130872
304,N307,-12245.091600130872
305,N308,-12245.091600130872
306,N309,-12245.091600130872
307,N310,-12245.091600130872
308,N311,-12245.091600130872
309,N312,-12245.091600130872
310,N313,-12245.091600130872
311,N314,-12245.091600130872
312,N315,-12245.091600130872
313,N316,-12245.091600130872
314,N317,-12245.091600130872
315,N318,-12245.091600130872
316,N319,-12245.091600130872
317,N320,-12245.091600130872
318,N321,-12245.091600130872
319,N322,-12245.091600130872
320,N323,-12245.091600130872
321,N324,-12245.091600130872
322,N325,-12245.091600130872
323,N326,-12245.091600130872
324,N327,-12245.091600130872
325,N328,-12245.091600130872
326,N329,-12245.091600130872
327,N330,-12245.091600130872
328,N331,-12245.091600130872
329,N332,-12245.091600130872
330,N333,-12245.091600130872
331,N334,-12245.091600130872
332,N335,-12245.091600130872
333,N336,-12245.091600130872
334,N337,-12245.091600130872
335,N338,-12245.091600130872
336,N339,-12245.091600130872
337,N340,-12245.091600130872
338,N341,-12245.091600130872
339,N342,-12245.091600130872
340,N343,-12245.091600130872
341,N344,-12245.091600130872
342,N345,-12245.091600130872
343,N346,-12245.091600130872
344,N347,-12245.091600130872
345,N348,-12245.091600130872
346,N349,-12245.091600130872
347,N350,-12245.091600130872
348,N351,-12245.091600130872
349,N352,-12245.091600130872
350,N353,-12245.091600130872
351,N354,-12245.091600130872
352,N355,-12245.091600130872
353,N356,-12245.091600130872
354,N357,-12245.091600130872
355,N358,-12245.091600130872
356,N359,-12245.091600130872
357,N360,-12245.091600130872
358,N361,-12245.091600130872
359,N362,-12245.091600130872
360,N363,-12245.091600130872
361,N364,-12245.091600130872
362,N365,-12245.091600130872
363,N366,-12245.091600130872
364,N367,-12245.091600130872
365,N368,-12245.091600130872
366,N369,-12245.091600130872
367,N370,-12245.091600130872
368,N371,-12245.091600130872
369,N372,-12245.091600130872
370,N373,-12245.091600130872
371,N374,-12245.091600130872
372,N375,-12245.091600130872
373,N376,-12245.091600130872
374,N377,-12245.091600130872
375,N378,-12245.091600130872
376,N379,-12245.091600130872
377,N380,-12245.091600130872
378,N192,-12245.091600130872
379,N193,-12245.091600130872
380,N194,-12245.091600130872
381,N195,-12245.091600130872
382,N196,-12245.091600130872
383,N197,-12245.091600130872
384,N198,-12245.091600130872
385,N199,-12245.091600130872
386,N200,-12245.091600130872
387,N201,-12245.091600130872
388,N202,-12245.091600130872
389,N203,-12245.091600130872
390,N204,-12245.091600130872
391,N205,-12245.091600130872
392,N206,-12245.091600130872
393,N207,-12245.091600130872
394,N208,-12245.091600130872
395,N209,-12245.091600130872
396,N210,-12245.091600130872
397,N211,-12245.091600130872
398,N212,-12245.091600130872
399,N213,-12245.091600130872
400,N214,-12245.091600130872
401,N215,-12245.091600130872
402,N216,-12245.091600130872
403,N217,-12245.091600130872
404,N218,-12245.091600130872
405,N219,-12245.091600130872
406,N220,-12245.091600130872
407,N221,-12245.091600130872
408,N222,-12245.091600130872
409,N223,-12245.091600130872
410,N224,-12245.091600130872
411,N225,-12245.091600130872
412,N226,-12245.091600130872
413,N227,-12245.091600130872
414,N228,-12245.091600130872
415,N229,-12245.091600130872
416,N230,-12245.091600130872
417,N231,-12245.091600130872
418,N232,-12245.091600130872
419,N233,-12245.091600130872
420,N234,-12245.091600130872
421,N235,-12245.091600130872
422,N236,-12245.091600130872
423,N237,-12245.091600130872
424,N238,-12245.091600130872
425,N239,-12245.091600130872
426,N240,-12245.091600130872
427,N241,-12245.091600130872
428,N242,-12245.091600130872
429,N243,-12245.091600130872
430,N244,-12245.091600130872
431,N245,-12245.091600130872
432,N246,-12245.091600130872
433,N247,-12245.091600130872
434,N248,-12245.091600130872
435,N249,-12245.091600130872
436,N250,-12245.091600130872
437,N251,-12245.091600130872
438,N252,-12245.091600130872
439,N253,-12245.091600130872
440,N254,-12245.091600130872
441,N255,-12245.091600130872
442,N256,-12245.091600130872
443,N257,-12245.091600130872
444,N258,-12245.091600130872
445,N259,-12245.091600130872
446,N260,-12245.091600130872
447,N261,-12245.091600130872
448,N262,-12245.091600130872
449,N263,-12245.091600130872
450,N264,-12245.091600130872
451,N265,-12245.091600130872
452,N266,-12245.091600130872
453,N267,-12245.091600130872
454,N268,-12245.091600130872
455,N269,-12245.091600130872
456,N270,-12245.091600130872
457,N271,-12245.091600130872
458,N272,-12245.091600130872
459,N273,-12245.091600130872
460,N274,-12245.091600130872
461,N275,-12245.091600130872
462,N276,-12245.091600130872
463,N277,-12245.091600130872
464,N278,-12245.091600130872
465,N279,-12245.091600130872
466,N280,-12245.091600130872
467,N281,-12245.091600130872
468,N282,-12245.091600130872
469,N283,-12245.091600130872
470,N284,-12245.091600130872
471,N285,-12245.091600130872
472,N286,-12245.091600130872
473,N287,-12245.091600130872
474,N288,-12245.091600130872
475,N289,-12245.091600130872
476,N290,-12245.091600130872
477,N291,-12245.091600130872
478,N292,-12245.091600130872
479,N293,-12245.091600130872
480,N294,-12245.091600130872
481,N295,-12245.091600130872
482,N296,-12245.091600130872
483,N297,-12245.091600130872
484,N298,-12245.091600130872
485,N299,-12245.091600130872
486,N300,-12245.091600130872
487,N301,-12245.091600130872
488,N302,-12245.091600130872
489,N303,-12245.091600130872
490,N304,-12245.091600130872
491,N305,-12245.091600130872
492,N306,-12245.091600130872
493,N307,-12245.091600130872
494,N308,-12245.091600130872
495,N309,-12245.091600130872
496,N310,-12245.091600130872
497,N311,-12245.091600130872
498,N312,-12245.091600130872
499,N313,-12245.091600130872
500,N314,-12245.091600130872
501,N315,-12245.091600130872
502,N316,-12245.091600130872
503,N317,-12245.091600130872
504,N318,-12245.091600130872
505,N319,-12245.091600130872
506,N320,-12245.091600130872
507,N321,-12245.091600130872
508,N322,-12245.091600130872
509,N323,-12245.091600130872
510,N324,-12245.091600130872
511,N325,-12245.091600130872
512,N326,-12245.091600130872
513,N327,-12245.091600130872
514,N328,-12245.091600130872
515,N329,-12245.091600130872
516,N330,-12245.091600130872
517,N331,-12245.091600130872
518,N332,-12245.091600130872
519,N333,-12245.091600130872
520,N334,-12245.091600130872
521,N335,-12245.091600130872
522,N336,-12245.091600130872
523,N337,-12245.091600130872
524,N338,-12245.091600130872
525,N339,-12245.091600130872
526,N340,-12245.091600130872
527,N341,-12245.091600130872
528,N342,-12245.091600130872
529,N343,-12245.091600130872
530,N344,-12245.091600130872
531,N345,-12245.091600130872
532,N346,-12245.091600130872
533,N347,-12245.091600130872
534,N348,-12245.091600130872
535,N349,-12245.091600130872
536,N350,-12245.091600130872
537,N351,-12245.091600130872
538,N352,-12245.091600130872
539,N353,-12245.091600130872
540,N354,-12245.091600130872
541,N355,-12245.091600130872
542,N356,-12245.091600130872
543,N357,-12245.091600130872
544,N358,-12245.091600130872
545,N359,-12245.091600130872
546,N360,-12245.091600130872
547,N361,-12245.091600130872
548,N362,-12245.091600130872
549,N363,-12245.091600130872
550,N364,-12245.091600130872
551,N365,-12245.091600130872
552,N366,-12245.091600130872
553,N367,-12245.091600130872
554,N368,-12245.091600130872
555,N369,-12245.091600130872
556,N370,-12245.091600130872
557,N371,-12245.091600130872
558,N372,-12245.091600130872
559,N373,-12245.091600130872
560,N374,-12245.091600130872
561,N375,-12245.091600130872
562,N376,-12245.091600130872
563,N377,-12245.091600130872
564,N378,-12245.091600130872
565,N379,-12245.091600130872
566,N380,-12245.091600130872
567,N192,-12245.091600130872
568,N193,-12245.091600130872
569,N194,-12245.091600130872
570,N195,-12245.091600130872
571,N196,-12245.091600130872
572,N197,-12245.091600130872
573,N198,-12245.091600130872
574,N199,-12245.091600130872
575,N200,-12245.091600130872
576,N201,-12245.091600130872
577,N202,-12245.091600130872
578,N203,-12245.091600130872
579,N204,-12245.091600130872
580,N205,-12245.091600130872
581,N206,-12245.091600130872
582,N207,-12245.091600130872
583,N208,-12245.091600130872
584,N209,-12245.091600130872
585,N210,-12245.091600130872
586,N211,-12245.091600130872
587,N212,-12245.091600130872
588,N213,-12245.091600130872
589,N214,-12245.091600130872
590,N215,-12245.091600130872
591,N216,-12245.091600130872
592,N217,-12245.091600130872
593,N218,-12245.091600130872
594,N219,-12245.091600130872
595,N220,-12245.091600130872
596,N221,-12245.091600130872
597,N222,-12245.091600130872
598,N223,-12245.091600130872
599,N224,-12245.091600130872
600,N225,-12245.091600130872
601,N226,-12245.091600130872
602,N227,-12245.091600130872
603,N228,-12245.091600130872
604,N229,-12245.091600130872
605,N230,-12245.091600130872
606,N231,-12245.091600130872
607,N232,-12245.091600130872
608,N233,-12245.091600130872
609,N234,-12245.091600130872
610,N235,-12245.091600130872
611,N236,-12245.091600130872
612,N237,-12245.091600130872
613,N238,-12245.091600130872
614,N239,-12245.091600130872
615,N240,-12245.091600130872
616,N241,-12245.091600130872
617,N242,-12245.091600130872
618,N243,-12245.091600130872
619,N244,-12245.091600130872
620,N245,-12245.091600130872
621,N246,-12245.091600130872
622,N247,-12245.091600130872
623,N248,-12245.091600130872
624,N249,-12245.091600130872
625,N250,-12245.091600130872
626,N251,-12245.091600130872
627,N252,-12245.091600130872
628,N253,-12245.091600130872
629,N254,-12245.091600130872
630,N255,-12245.091600130872
631,N256,-12245.091600130872
632,N257,-12245.091600130872
633,N258,-12245.091600130872
634,N259,-12245.091600130872
635,N260,-12245.091600130872
636,N261,-12245.091600130872
637,N262,-12245.091600130872
638,N263,-12245.091600130872
639,N264,-12245.091600130872
640,N265,-12245.091600130872
641,N266,-12245.091600130872
642,N267,-12245.091600130872
643,N268,-12245.091600130872
644,N269,-12245.091600130872
645,N270,-12245.091600130872
646,N271,-12245.091600130872
647,N272,-12245.091600130872
648,N273,-12245.091600130872
649,N274,-12245.091600130872
650,N275,-12245.091600130872
651,N276,-12245.091600130872
652,N277,-12245.091600130872
653,N278,-12245.091600130872
654,N279,-12245.091600130872
655,N280,-12245.091600130872
656,N281,-12245.091600130872
657,N282,-12245.091600130872
658,N283,-12245.091600130872
659,N284,-12245.091600130872
660,N285,-12245.091600130872
661,N286,-12245.091600130872
662,N287,-12245.091600130872
663,N288,-12245.091600130872
664,N289,-12245.091600130872
665,N290,-12245.091600130872
666,N291,-12245.091600130872
667,N292,-12245.091600130872
668,N293,-12245.091600130872
669,N294,-12245.091600130872
670,N295,-12245.091600130872
671,N296,-12245.091600130872
672,N297,-12245.091600130872
673,N298,-12245.091600130872
674,N299,-12245.091600130872
675,N300,-12245.091600130872
676,N301,-12245.091600130872
677,N302,-12245.091600130872
678,N303,-12245.091600130872
679,N304,-12245.091600130872
680,N305,-12245.091600130872
681,N306,-12245.091600130872
682,N307,-12245.091600130872
683,N308,-12245.091600130872
684,N309,-12245.091600130872
685,N310,-12245.091600130872
686,N311,-12245.091600130872
687,N312,-12245.091600130872
688,N313,-12245.091600130872
689,N314,-12245.091600130872
690,N315,-12245.091600130872
691,N316,-12245.091600130872
692,N317,-12245.091600130872
693,N318,-12245.091600130872
694,N319,-12245.091600130872
695,N320,-12245.091600130872
696,N321,-12245.091600130872
697,N322,-12245.091600130872
698,N323,-12245.091600130872
699,N324,-12245.091600130872
700,N325,-12245.091600130872
701,N326,-12245.091600130872
702,N327,-12245.091600130872
703,N328,-12245.091600130872
704,N329,-12245.091600130872
705,N330,-12245.091600130872
706,N331,-12245.091600130872
707,N332,-12245.091600130872
708,N333,-12245.091600130872
709,N334,-12245.091600130872
710,N335,-12245.091600130872
711,N336,-12245.091600130872
712,N337,-12245.091600130872
713,N338,-12245.091600130872
714,N339,-12245.091600130872
715,N340,-12245.091600130872
716,N341,-12245.091600130872
717,N342,-12245.091600130872
718,N343,-12245.091600130872
719,N344,-12245.091600130872
720,N345,-12245.091600130872
721,N346,-12245.091600130872
722,N347,-12245.091600130872
723,N348,-12245.091600130872
724,N349,-12245.091600130872
725,N350,-12245.091600130872
726,N351,-12245.091600130872
727,N352,-12245.091600130872
728,N353,-12245.091600130872
729,N354,-12245.091600130872
730,N355,-12245.091600130872
731,N356,-12245.091600130872
732,N357,-12245.091600130872
733,N358,-12245.091600130872
734,N359,-12245.091600130872
735,N360,-12245.091600130872
736,N361,-12245.091600130872
737,N362,-12245.091600130872
738,N363,-12245.091600130872
739,N364,-12245.091600130872
740,N365,-12245.091600130872
741,N366,-12245.091600130872
742,N367,-12245.091600130872
743,N368,-12245.091600130872
744,N369,-12245.091600130872
745,N370,-12245.091600130872
746,N371,-12245.091600130872
747,N372,-12245.091600130872
748,N373,-12245.091600130872
749,N374,-12245.091600130872
750,N375,-12245.091600130872
751,N376,-12245.091600130872
752,N377,-12245.091600130872
753,N378,-12245.091600130872
754,N379,-12245.091600130872
755,N380,-12245.091600130872
756,N192,-12245.091600130872
757,N193,-12245.091600130872
758,N194,-12245.091600130872
759,N195,-12245.091600130872
760,N196,-12245.091600130872
761,N197,-12245.091600130872
762,N198,-12245.091600130872
763,N199,-12245.091600130872
764,N200,-12245.091600130872
765,N201,-12245.091600130872
766,N202,-12245.091600130872
767,N203,-12245.091600130872
768,N204,-12245.091600130872
769,N205,-12245.091600130872
770,N206,-12245.091600130872
771,N207,-12245.091600130872
772,N208,-12245.091600130872
773,N209,-12245.091600130872
774,N210,-12245.091600130872
775,N211,-12245.091600130872
776,N212,-12245.091600130872
777,N213,-12245.091600130872
778,N214,-12245.091600130872
779,N215,-12245.091600130872
780,N216,-12245.091600130872
781,N217,-12245.091600130872
782,N218,-12245.091600130872
783,N219,-12245.091600130872
784,N220,-12245.091600130872
785,N221,-12245.091600130872
786,N222,-12245.091600130872
787,N223,-12245.091600130872
788,N224,-12245.091600130872
789,N225,-12245.091600130872
790,N226,-12245.091600130872
791,N227,-12245.091600130872
792,N228,-12245.091600130872
793,N229,-12245.091600130872
794,N230,-12245.091600130872
795,N231,-12245.091600130872
796,N232,-12245.091600130872
797,N233,-12245.091600130872
798,N234,-12245.091600130872
799,N235,-12245.091600130872
800,N236,-12245.091600130872
801,N237,-12245.091600130872
802,N238,-12245.091600130872
803,N239,-12245.091600130872
804,N240,-12245.091600130872
805,N241,-12245.091600130872
806,N242,-12245.091600130872
807,N243,-12245.091600130872
808,N244,-12245.091600130872
809,N245,-12245.091600130872
810,N246,-12245.091600130872
811,N247,-12245.091600130872
812,N248,-12245.091600130872
813,N249,-12245.091600130872
814,N250,-12245.091600130872
815,N251,-12245.091600130872
816,N252,-12245.091600130872
817,N253,-12245.091600130872
818,N254,-12245.091600130872
819,N255,-12245.091600130872
820,N256,-12245.091600130872
821,N257,-12245.091600130872
822,N258,-12245.091600130872
823,N259,-12245.091600130872
824,N260,-12245.091600130872
825,N261,-12245.091600130872
826,N262,-12245.091600130872
827,N263,-12245.091600130872
828,N264,-12245.091600130872
829,N265,-12245.091600130872
830,N266,-12245.091600130872
831,N267,-12245.091600130872
832,N268,-12245.091600130872
833,N269,-12245.091600130872
834,N270,-12245.091600130872
835,N271,-12245.091600130872
836,N272,-12245.091600130872
837,N273,-12245.091600130872
838,N274,-12245.091600130872
839,N275,-12245.091600130872
840,N276,-12245.091600130872
841,N277,-12245.091600130872
842,N278,-12245.091600130872
843,N279,-12245.091600130872
844,N280,-12245.091600130872
845,N281,-12245.091600130872
846,N282,-12245.091600130872
847,N283,-12245.091600130872
848,N284,-12245.091600130872
849,N285,-12245.091600130872
850,N286,-12245.091600130872
851,N287,-12245.091600130872
852,N288,-12245.091600130872
853,N289,-12245.091600130872
854,N290,-12245.091600130872
855,N291,-12245.091600130872
856,N292,-12245.091600130872
857,N293,-12245.091600130872
858,N294,-12245.091600130872
859,N295,-12245.091600130872
860,N296,-12245.091600130872
861,N297,-12245.091600130872
862,N298,-12245.091600130872
863,N299,-12245.091600130872
864,N300,-12245.091600130872
865,N301,-12245.091600130872
866,N302,-12245.091600130872
867,N303,-12245.091600130872
868,N304,-12245.091600130872
869,N305,-12245.091600130872
870,N306,-12245.091600130872
871,N307,-12245.091600130872
872,N308,-12245.091600130872
873,N309,-12245.091600130872
874,N310,-12245.091600130872
875,N311,-12245.091600130872
876,N312,-12245.091600130872
877,N313,-12245.091600130872
878,N314,-12245.091600130872
879,N315,-12245.091600130872
880,N316,-12245.091600130872
881,N317,-12245.091600130872
882,N318,-12245.091600130872
883,N319,-12245.091600130872
884,N320,-12245.091600130872
885,N321,-12245.091600130872
886,N322,-12245.091600130872
887,N323,-12245.091600130872
888,N324,-12245.091600130872
889,N325,-12245.091600130872
890,N326,-12245.091600130872
891,N327,-12245.091600130872
892,N328,-12245.091600130872
893,N329,-12245.091600130872
894,N330,-12245.091600130872
895,N331,-12245.091600130872
896,N332,-12245.091600130872
897,N333,-12245.091600130872
898,N334,-12245.091600130872
899,N335,-12245.091600130872
900,N336,-12245.091600130872
901,N337,-12245.091600130872
902,N338,-12245.091600130872
903,N339,-12245.091600130872
904,N340,-12245.091600130872
905,N341,-12245.091600130872
906,N342,-12245.091600130872
907,N343,-12245.091600130872
908,N344,-12245.091600130872
909,N345,-12245.091600130872
910,N346,-12245.091600130872
911,N347,-12245.091600130872
912,N348,-12245.091600130872
913,N349,-12245.091600130872
914,N350,-12245.091600130872
915,N351,-12245.091600130872
916,N352,-12245.091600130872
917,N353,-12245.091600130872
918,N354,-12245.091600130872
919,N355,-12245.091600130872
920,N356,-12245.091600130872
921,N357,-12245.091600130872
922,N358,-12245.091600130872
923,N359,-12245.091600130872
924,N360,-12245.091600130872
925,N361,-12245.091600130872
926,N362,-12245.091600130872
927,N363,-12245.091600130872
928,N364,-12245.091600130872
929,N365,-12245.091600130872
930,N366,-12245.091600130872
931,N367,-12245.091600130872
932,N368,-12245.091600130872
933,N369,-12245.091600130872
934,N370,-12245.091600130872
935,N371,-12245.091600130872
936,N372,-12245.091600130872
937,N373,-12245.091600130872
938,N374,-12245.091600130872
939,N375,-12245.091600130872
940,N376,-12245.091600130872
941,N377,-12245.091600130872
942,N378,-12245.091600130872
943,N379,-12245.091600130872
944,N380,-12245.091600130872
